<?xml version="1.0" encoding="UTF-8" ?>
<odoo>
    <data noupdate="1">
        <!-- Property company rule -->
        <record id="property_property_company_rule" model="ir.rule">
            <field name="name">property multi company rule</field>
            <field name="model_id" ref="model_property_property"/>
            <field name="domain_force">['|', ('company_id', '=', False),
                ('company_id', '=', company_id)]
            </field>
        </record>
        <!-- Property sale company rule -->
        <record id="property_sale_company_rule" model="ir.rule">
            <field name="name">property sale multi company rule</field>
            <field name="model_id" ref="model_property_sale"/>
            <field name="domain_force">['|', ('company_id', '=', False),
                ('company_id', '=', company_id)]
            </field>
        </record>
        <!-- Property rental company rule -->
        <record id="property_rental_company_rule" model="ir.rule">
            <field name="name">property rental multi company rule</field>
            <field name="model_id" ref="model_property_rental"/>
            <field name="domain_force">['|', ('company_id', '=', False),
                ('company_id', '=', company_id)]
            </field>
        </record>
        <!-- Property auction company rule -->
        <record id="property_auction_company_rule" model="ir.rule">
            <field name="name">multi company rule</field>
            <field name="model_id" ref="model_property_auction"/>
            <field name="domain_force">['|', ('company_id', '=', False),
                ('company_id', '=', company_id)]
            </field>
        </record>
    </data>
</odoo>
