<?xml version="1.0" encoding="UTF-8" ?>
<odoo>
    <data noupdate="1">
        <!-- Property Management group category -->
        <record model="ir.module.category" id="property_access">
            <field name="name">Property Management</field>
            <field name="description">access right for Property Management module</field>
            <field name="sequence">1</field>
        </record>
        <!-- Property agent group -->
        <record id="group_property_agent" model="res.groups">
            <field name="name">Property Agent</field>
            <field name="category_id" ref="property_access"/>
        </record>
        <!-- Property manager group -->
        <record id="group_property_manager" model="res.groups">
            <field name="name">Property Manager</field>
            <field name="category_id" ref="property_access"/>
            <field name="implied_ids" eval="[(4, ref('group_property_agent'))]"/>
        </record>
    </data>
</odoo>
