<?xml version="1.0" encoding="UTF-8" ?>
<odoo>
    <data noupdate="1">
        <!-- Property rental cron action -->
       <record id="ir_cron_property_rental_action" model="ir.cron">
           <field name="name">Property Rental</field>
           <field name="model_id" ref="model_property_rental"/>
           <field name="state">code</field>
           <field name="code">model.action_check_rental()</field>
           <field name="user_id" ref="base.user_root"/>
           <field name="interval_number">1</field>
           <field name="interval_type">days</field>
           <field name="numbercall">-1</field>
       </record>
    </data>
</odoo>
